"feed","entity","rpm","avg_duration","p50","p95","p99","max_duration"
"1","friends","1705","10","9","20","26","71"
"1","outbound","6316","19","17","33","58","266"
"1","participant","2523","5","4","13","22","60"
"10","friends","2618","10","9","14","21","227"
"10","outbound","9702","5","4","8","14","241"
"10","participant","3873","9","8","14","20","231"
"11","friends","2056","8","8","13","17","101"
"11","outbound","14043","5","5","11","15","269"
"11","participant","3047","8","7","14","18","138"
"12","friends","1232","7","7","11","13","25"
"12","outbound","19941","4","4","7","11","190"
"12","participant","1824","7","7","10","13","36"
"13","friends","1732","18","18","25","30","37"
"13","outbound","15098","3","3","6","9","434"
"13","participant","2567","17","17","24","29","46"
"14","friends","2676","6","6","8","15","105"
"14","outbound","9918","11","9","16","26","1114"
"14","participant","3969","6","6","8","14","143"
"15","friends","2096","4","4","6","9","23"
"15","outbound","8299","13","1","110","184","323"
"15","participant","3107","4","4","6","9","45"
"2","friends","1500","7","7","13","31","74"
"2","outbound","6983","18","13","41","48","292"
"2","participant","2220","6","5","11","29","78"
"3","friends","2893","4","5","7","11","47"
"3","outbound","18436","4","4","7","12","213"
"3","participant","4280","4","5","7","10","72"
"4","friends","3725","6","6","10","13","33"
"4","outbound","13806","4","4","7","11","152"
"4","participant","5520","6","6","10","12","37"
"5","friends","2642","11","11","15","18","37"
"5","outbound","9786","5","6","9","11","54"
"5","participant","3914","10","10","14","17","40"
"6","friends","2617","6","7","9","11","41"
"6","outbound","9580","9","9","14","19","231"
"6","participant","3885","6","6","9","15","95"
"8","friends","2491","8","7","14","19","188"
"8","outbound","9092","9","8","18","28","370"
"8","participant","3693","7","6","12","17","155"
"9","friends","2192","5","5","12","15","82"
"9","outbound","14296","7","4","20","28","303"
"9","participant","3248","4","4","6","12","128"
